id;nom;description;date_sortie
1;Avon protocol Reduced;Avon;2021-06-03T20:09:38
2;Self-enabling;navigating Personal;2021-06-04T01:49:58
3;Cambridgeshire District monitoring;Bike;2021-06-04T03:31:23
4;benchmark;Sports Michigan;2021-06-03T14:20:23
5;schemas District;calculate;2021-06-04T02:50:51
6;Wooden;Rubber Table navigate;2021-06-03T19:22:36
7;Fully-configurable;Technician bandwidth;2021-06-03T19:14:39
8;invoice Awesome;Human Electronics firewall;2021-06-03T23:20:12
9;Principal Chair;action-items systemic;2021-06-04T00:05:57
10;Hawaii Group;Ball TCP violet;2021-06-03T13:09:14
