id;pseudo;mot_de_passe;date_inscription;est_administrateur
1;Kansas;Samoa open-source e-commerce;2021-06-03T13:25:58;true
2;matrix back-end;port;2021-06-03T20:47:18;false
3;partnerships digital;feed Account Unbranded;2021-06-03T18:26:54;true
4;Handmade Real;Montserrat e-services Tools;2021-06-03T16:34:04;false
5;synergize intranet Wooden;Avon;2021-06-03T15:54:00;true
6;Vietnam;Assurance Credit Walks;2021-06-04T12:37:47;true
7;optical transitional;mindshare;2021-06-04T07:38:01;true
8;program Niue;enterprise;2021-06-03T18:32:24;true
9;Ports online Mount;bandwidth-monitored;2021-06-03T23:50:50;true
10;Direct maroon;Avon Internal infrastructures;2021-06-04T09:44:07;false
